sunrise,sunset,solar_noon,day_length,civil_twilight_begin,civil_twilight_end,nautical_twilight_begin,nautical_twilight_end,astronomical_twilight_begin,astronomical_twilight_end,day
6:44:16 AM,2:33:31 PM,10:38:54 AM,07:49:15,6:03:38 AM,3:14:09 PM,5:19:57 AM,3:57:50 PM,4:38:41 AM,4:39:07 PM,2020-01-01
6:44:07 AM,2:34:36 PM,10:39:22 AM,07:50:29,6:03:34 AM,3:15:10 PM,5:19:56 AM,3:58:47 PM,4:38:42 AM,4:40:02 PM,2020-01-02
6:43:55 AM,2:35:44 PM,10:39:50 AM,07:51:49,6:03:26 AM,3:16:13 PM,5:19:52 AM,3:59:47 PM,4:38:40 AM,4:40:59 PM,2020-01-03
6:43:39 AM,2:36:55 PM,10:40:17 AM,07:53:16,6:03:16 AM,3:17:18 PM,5:19:46 AM,4:00:48 PM,4:38:36 AM,4:41:58 PM,2020-01-04
6:43:19 AM,2:38:08 PM,10:40:44 AM,07:54:49,6:03:02 AM,3:18:26 PM,5:19:36 AM,4:01:52 PM,4:38:29 AM,4:42:59 PM,2020-01-05
6:42:57 AM,2:39:24 PM,10:41:10 AM,07:56:27,6:02:45 AM,3:19:36 PM,5:19:24 AM,4:02:57 PM,4:38:19 AM,4:44:02 PM,2020-01-06
6:42:31 AM,2:40:42 PM,10:41:36 AM,07:58:11,6:02:25 AM,3:20:47 PM,5:19:08 AM,4:04:04 PM,4:38:06 AM,4:45:07 PM,2020-01-07
6:42:01 AM,2:42:03 PM,10:42:02 AM,08:00:02,6:02:02 AM,3:22:01 PM,5:18:50 AM,4:05:14 PM,4:37:51 AM,4:46:13 PM,2020-01-08
6:41:29 AM,2:43:25 PM,10:42:27 AM,08:01:56,6:01:37 AM,3:23:17 PM,5:18:29 AM,4:06:25 PM,4:37:33 AM,4:47:21 PM,2020-01-09
6:40:53 AM,2:44:50 PM,10:42:51 AM,08:03:57,6:01:08 AM,3:24:35 PM,5:18:05 AM,4:07:37 PM,4:37:12 AM,4:48:30 PM,2020-01-10
6:40:14 AM,2:46:17 PM,10:43:15 AM,08:06:03,6:00:36 AM,3:25:55 PM,5:17:39 AM,4:08:52 PM,4:36:49 AM,4:49:42 PM,2020-01-11
6:39:31 AM,2:47:46 PM,10:43:39 AM,08:08:15,6:00:01 AM,3:27:16 PM,5:17:09 AM,4:10:08 PM,4:36:23 AM,4:50:54 PM,2020-01-12
6:38:46 AM,2:49:17 PM,10:44:01 AM,08:10:31,5:59:23 AM,3:28:39 PM,5:16:37 AM,4:11:25 PM,4:35:54 AM,4:52:08 PM,2020-01-13
6:37:57 AM,2:50:49 PM,10:44:23 AM,08:12:52,5:58:43 AM,3:30:04 PM,5:16:02 AM,4:12:44 PM,4:35:23 AM,4:53:24 PM,2020-01-14
6:37:06 AM,2:52:24 PM,10:44:45 AM,08:15:18,5:57:59 AM,3:31:30 PM,5:15:25 AM,4:14:05 PM,4:34:48 AM,4:54:41 PM,2020-01-15
6:36:11 AM,2:53:59 PM,10:45:05 AM,08:17:48,5:57:13 AM,3:32:58 PM,5:14:44 AM,4:15:27 PM,4:34:12 AM,4:55:59 PM,2020-01-16
6:35:14 AM,2:55:37 PM,10:45:25 AM,08:20:23,5:56:24 AM,3:34:27 PM,5:14:01 AM,4:16:50 PM,4:33:32 AM,4:57:19 PM,2020-01-17
6:34:14 AM,2:57:16 PM,10:45:45 AM,08:23:02,5:55:32 AM,3:35:58 PM,5:13:15 AM,4:18:14 PM,4:32:50 AM,4:58:40 PM,2020-01-18
6:33:11 AM,2:58:56 PM,10:46:03 AM,08:25:45,5:54:37 AM,3:37:30 PM,5:12:27 AM,4:19:40 PM,4:32:05 AM,5:00:02 PM,2020-01-19
6:32:05 AM,3:00:38 PM,10:46:21 AM,08:28:33,5:53:40 AM,3:39:03 PM,5:11:36 AM,4:21:07 PM,4:31:18 AM,5:01:25 PM,2020-01-20
6:30:56 AM,3:02:20 PM,10:46:38 AM,08:31:24,5:52:40 AM,3:40:37 PM,5:10:42 AM,4:22:34 PM,4:30:28 AM,5:02:49 PM,2020-01-21
6:29:45 AM,3:04:04 PM,10:46:55 AM,08:34:19,5:51:37 AM,3:42:12 PM,5:09:46 AM,4:24:03 PM,4:29:35 AM,5:04:15 PM,2020-01-22
6:28:31 AM,3:05:49 PM,10:47:10 AM,08:37:18,5:50:32 AM,3:43:49 PM,5:08:47 AM,4:25:33 PM,4:28:40 AM,5:05:41 PM,2020-01-23
6:27:15 AM,3:07:35 PM,10:47:25 AM,08:40:20,5:49:25 AM,3:45:26 PM,5:07:46 AM,4:27:04 PM,4:27:42 AM,5:07:08 PM,2020-01-24
6:25:56 AM,3:09:22 PM,10:47:39 AM,08:43:26,5:48:15 AM,3:47:04 PM,5:06:42 AM,4:28:36 PM,4:26:42 AM,5:08:36 PM,2020-01-25
6:24:35 AM,3:11:10 PM,10:47:52 AM,08:46:35,5:47:02 AM,3:48:43 PM,5:05:36 AM,4:30:09 PM,4:25:39 AM,5:10:06 PM,2020-01-26
6:23:12 AM,3:12:58 PM,10:48:05 AM,08:49:46,5:45:47 AM,3:50:23 PM,5:04:28 AM,4:31:42 PM,4:24:34 AM,5:11:36 PM,2020-01-27
6:21:46 AM,3:14:47 PM,10:48:16 AM,08:53:01,5:44:30 AM,3:52:03 PM,5:03:17 AM,4:33:16 PM,4:23:26 AM,5:13:06 PM,2020-01-28
6:20:18 AM,3:16:37 PM,10:48:27 AM,08:56:19,5:43:10 AM,3:53:44 PM,5:02:03 AM,4:34:51 PM,4:22:16 AM,5:14:38 PM,2020-01-29
6:18:48 AM,3:18:27 PM,10:48:37 AM,08:59:39,5:41:49 AM,3:55:26 PM,5:00:48 AM,4:36:27 PM,4:21:04 AM,5:16:11 PM,2020-01-30
6:17:15 AM,3:20:17 PM,10:48:46 AM,09:03:02,5:40:25 AM,3:57:08 PM,4:59:30 AM,4:38:03 PM,4:19:49 AM,5:17:44 PM,2020-01-31
6:15:41 AM,3:22:09 PM,10:48:55 AM,09:06:28,5:38:59 AM,3:58:51 PM,4:58:10 AM,4:39:40 PM,4:18:32 AM,5:19:18 PM,2020-02-01
6:14:05 AM,3:24:00 PM,10:49:02 AM,09:09:55,5:37:30 AM,4:00:34 PM,4:56:47 AM,4:41:18 PM,4:17:12 AM,5:20:52 PM,2020-02-02
6:12:26 AM,3:25:52 PM,10:49:09 AM,09:13:26,5:36:00 AM,4:02:18 PM,4:55:23 AM,4:42:56 PM,4:15:51 AM,5:22:27 PM,2020-02-03
6:10:46 AM,3:27:44 PM,10:49:15 AM,09:16:58,5:34:28 AM,4:04:02 PM,4:53:56 AM,4:44:34 PM,4:14:27 AM,5:24:03 PM,2020-02-04
6:09:04 AM,3:29:36 PM,10:49:20 AM,09:20:32,5:32:54 AM,4:05:46 PM,4:52:27 AM,4:46:13 PM,4:13:00 AM,5:25:40 PM,2020-02-05
6:07:20 AM,3:31:29 PM,10:49:24 AM,09:24:09,5:31:18 AM,4:07:31 PM,4:50:56 AM,4:47:52 PM,4:11:32 AM,5:27:17 PM,2020-02-06
6:05:34 AM,3:33:21 PM,10:49:28 AM,09:27:47,5:29:40 AM,4:09:16 PM,4:49:24 AM,4:49:32 PM,4:10:01 AM,5:28:54 PM,2020-02-07
6:03:47 AM,3:35:14 PM,10:49:31 AM,09:31:27,5:28:00 AM,4:11:02 PM,4:47:49 AM,4:51:12 PM,4:08:29 AM,5:30:33 PM,2020-02-08
6:01:58 AM,3:37:07 PM,10:49:33 AM,09:35:09,5:26:18 AM,4:12:47 PM,4:46:12 AM,4:52:53 PM,4:06:54 AM,5:32:11 PM,2020-02-09
6:00:08 AM,3:39:00 PM,10:49:34 AM,09:38:52,5:24:35 AM,4:14:33 PM,4:44:33 AM,4:54:34 PM,4:05:17 AM,5:33:51 PM,2020-02-10
5:58:16 AM,3:40:52 PM,10:49:34 AM,09:42:36,5:22:49 AM,4:16:19 PM,4:42:53 AM,4:56:15 PM,4:03:38 AM,5:35:30 PM,2020-02-11
5:56:22 AM,3:42:45 PM,10:49:34 AM,09:46:23,5:21:03 AM,4:18:05 PM,4:41:10 AM,4:57:57 PM,4:01:56 AM,5:37:11 PM,2020-02-12
5:54:27 AM,3:44:38 PM,10:49:32 AM,09:50:11,5:19:14 AM,4:19:51 PM,4:39:26 AM,4:59:39 PM,4:00:13 AM,5:38:51 PM,2020-02-13
5:52:31 AM,3:46:30 PM,10:49:31 AM,09:53:59,5:17:24 AM,4:21:37 PM,4:37:40 AM,5:01:21 PM,3:58:28 AM,5:40:33 PM,2020-02-14
5:50:33 AM,3:48:23 PM,10:49:28 AM,09:57:50,5:15:33 AM,4:23:23 PM,4:35:53 AM,5:03:03 PM,3:56:41 AM,5:42:15 PM,2020-02-15
5:48:34 AM,3:50:15 PM,10:49:25 AM,10:01:41,5:13:40 AM,4:25:09 PM,4:34:03 AM,5:04:46 PM,3:54:52 AM,5:43:57 PM,2020-02-16
5:46:34 AM,3:52:07 PM,10:49:20 AM,10:05:33,5:11:45 AM,4:26:56 PM,4:32:12 AM,5:06:29 PM,3:53:01 AM,5:45:39 PM,2020-02-17
5:44:32 AM,3:53:59 PM,10:49:16 AM,10:09:27,5:09:50 AM,4:28:42 PM,4:30:20 AM,5:08:12 PM,3:51:09 AM,5:47:23 PM,2020-02-18
5:42:30 AM,3:55:51 PM,10:49:10 AM,10:13:21,5:07:52 AM,4:30:28 PM,4:28:25 AM,5:09:55 PM,3:49:14 AM,5:49:06 PM,2020-02-19
5:40:26 AM,3:57:42 PM,10:49:04 AM,10:17:16,5:05:54 AM,4:32:15 PM,4:26:30 AM,5:11:39 PM,3:47:18 AM,5:50:51 PM,2020-02-20
5:38:21 AM,3:59:34 PM,10:48:57 AM,10:21:13,5:03:54 AM,4:34:01 PM,4:24:32 AM,5:13:23 PM,3:45:20 AM,5:52:35 PM,2020-02-21
5:36:15 AM,4:01:25 PM,10:48:50 AM,10:25:10,5:01:53 AM,4:35:47 PM,4:22:33 AM,5:15:07 PM,3:43:20 AM,5:54:20 PM,2020-02-22
5:34:09 AM,4:03:15 PM,10:48:42 AM,10:29:06,4:59:51 AM,4:37:33 PM,4:20:33 AM,5:16:51 PM,3:41:18 AM,5:56:06 PM,2020-02-23
5:32:01 AM,4:05:06 PM,10:48:33 AM,10:33:05,4:57:47 AM,4:39:20 PM,4:18:31 AM,5:18:35 PM,3:39:15 AM,5:57:52 PM,2020-02-24
5:29:52 AM,4:06:56 PM,10:48:24 AM,10:37:04,4:55:43 AM,4:41:06 PM,4:16:28 AM,5:20:20 PM,3:37:10 AM,5:59:39 PM,2020-02-25
5:27:43 AM,4:08:46 PM,10:48:14 AM,10:41:03,4:53:37 AM,4:42:52 PM,4:14:24 AM,5:22:05 PM,3:35:03 AM,6:01:26 PM,2020-02-26
5:25:32 AM,4:10:36 PM,10:48:04 AM,10:45:04,4:51:30 AM,4:44:38 PM,4:12:18 AM,5:23:50 PM,3:32:55 AM,6:03:13 PM,2020-02-27
5:23:21 AM,4:12:25 PM,10:47:53 AM,10:49:04,4:49:22 AM,4:46:24 PM,4:10:11 AM,5:25:35 PM,3:30:45 AM,6:05:02 PM,2020-02-28
5:21:09 AM,4:14:14 PM,10:47:42 AM,10:53:05,4:47:13 AM,4:48:10 PM,4:08:03 AM,5:27:21 PM,3:28:33 AM,6:06:50 PM,2020-02-29
5:18:56 AM,4:16:03 PM,10:47:30 AM,10:57:07,4:45:04 AM,4:49:56 PM,4:05:53 AM,5:29:07 PM,3:26:20 AM,6:08:40 PM,2020-03-01
5:16:43 AM,4:17:52 PM,10:47:17 AM,11:01:09,4:42:53 AM,4:51:42 PM,4:03:42 AM,5:30:53 PM,3:24:05 AM,6:10:30 PM,2020-03-02
5:14:29 AM,4:19:40 PM,10:47:04 AM,11:05:11,4:40:41 AM,4:53:28 PM,4:01:30 AM,5:32:39 PM,3:21:49 AM,6:12:20 PM,2020-03-03
5:12:14 AM,4:21:28 PM,10:46:51 AM,11:09:14,4:38:29 AM,4:55:13 PM,3:59:17 AM,5:34:25 PM,3:19:31 AM,6:14:11 PM,2020-03-04
5:09:59 AM,4:23:16 PM,10:46:37 AM,11:13:17,4:36:16 AM,4:56:59 PM,3:57:03 AM,5:36:12 PM,3:17:12 AM,6:16:03 PM,2020-03-05
5:07:43 AM,4:25:03 PM,10:46:23 AM,11:17:20,4:34:02 AM,4:58:45 PM,3:54:47 AM,5:37:59 PM,3:14:51 AM,6:17:55 PM,2020-03-06
5:05:27 AM,4:26:50 PM,10:46:09 AM,11:21:23,4:31:47 AM,5:00:31 PM,3:52:31 AM,5:39:47 PM,3:12:29 AM,6:19:48 PM,2020-03-07
5:03:10 AM,4:28:37 PM,10:45:54 AM,11:25:27,4:29:31 AM,5:02:16 PM,3:50:13 AM,5:41:34 PM,3:10:06 AM,6:21:42 PM,2020-03-08
5:00:53 AM,4:30:24 PM,10:45:39 AM,11:29:31,4:27:15 AM,5:04:02 PM,3:47:55 AM,5:43:22 PM,3:07:41 AM,6:23:36 PM,2020-03-09
4:58:36 AM,4:32:10 PM,10:45:23 AM,11:33:34,4:24:58 AM,5:05:48 PM,3:45:36 AM,5:45:10 PM,3:05:14 AM,6:25:32 PM,2020-03-10
4:56:18 AM,4:33:57 PM,10:45:07 AM,11:37:39,4:22:41 AM,5:07:33 PM,3:43:15 AM,5:46:59 PM,3:02:46 AM,6:27:28 PM,2020-03-11
4:53:59 AM,4:35:42 PM,10:44:51 AM,11:41:43,4:20:22 AM,5:09:19 PM,3:40:54 AM,5:48:48 PM,3:00:17 AM,6:29:24 PM,2020-03-12
4:51:41 AM,4:37:28 PM,10:44:34 AM,11:45:47,4:18:04 AM,5:11:05 PM,3:38:32 AM,5:50:37 PM,2:57:47 AM,6:31:22 PM,2020-03-13
4:49:22 AM,4:39:14 PM,10:44:18 AM,11:49:52,4:15:44 AM,5:12:51 PM,3:36:08 AM,5:52:27 PM,2:55:15 AM,6:33:20 PM,2020-03-14
4:47:02 AM,4:40:59 PM,10:44:01 AM,11:53:57,4:13:25 AM,5:14:37 PM,3:33:44 AM,5:54:17 PM,2:52:42 AM,6:35:20 PM,2020-03-15
4:44:43 AM,4:42:44 PM,10:43:44 AM,11:58:01,4:11:04 AM,5:16:23 PM,3:31:20 AM,5:56:08 PM,2:50:07 AM,6:37:20 PM,2020-03-16
4:42:23 AM,4:44:29 PM,10:43:26 AM,12:02:06,4:08:44 AM,5:18:09 PM,3:28:54 AM,5:57:58 PM,2:47:31 AM,6:39:21 PM,2020-03-17
4:40:04 AM,4:46:14 PM,10:43:09 AM,12:06:10,4:06:23 AM,5:19:55 PM,3:26:28 AM,5:59:50 PM,2:44:54 AM,6:41:23 PM,2020-03-18
4:37:44 AM,4:47:58 PM,10:42:51 AM,12:10:14,4:04:01 AM,5:21:41 PM,3:24:00 AM,6:01:42 PM,2:42:16 AM,6:43:26 PM,2020-03-19
4:35:24 AM,4:49:43 PM,10:42:33 AM,12:14:19,4:01:39 AM,5:23:27 PM,3:21:32 AM,6:03:34 PM,2:39:36 AM,6:45:30 PM,2020-03-20
4:33:03 AM,4:51:27 PM,10:42:15 AM,12:18:24,3:59:17 AM,5:25:14 PM,3:19:04 AM,6:05:27 PM,2:36:55 AM,6:47:35 PM,2020-03-21
4:30:43 AM,4:53:11 PM,10:41:57 AM,12:22:28,3:56:54 AM,5:27:00 PM,3:16:35 AM,6:07:20 PM,2:34:13 AM,6:49:42 PM,2020-03-22
4:28:23 AM,4:54:55 PM,10:41:39 AM,12:26:32,3:54:31 AM,5:28:47 PM,3:14:05 AM,6:09:14 PM,2:31:30 AM,6:51:49 PM,2020-03-23
4:26:03 AM,4:56:39 PM,10:41:21 AM,12:30:36,3:52:08 AM,5:30:34 PM,3:11:34 AM,6:11:08 PM,2:28:45 AM,6:53:57 PM,2020-03-24
4:23:43 AM,4:58:23 PM,10:41:03 AM,12:34:40,3:49:45 AM,5:32:21 PM,3:09:03 AM,6:13:03 PM,2:25:59 AM,6:56:07 PM,2020-03-25
4:21:23 AM,5:00:07 PM,10:40:45 AM,12:38:44,3:47:22 AM,5:34:08 PM,3:06:31 AM,6:14:59 PM,2:23:12 AM,6:58:18 PM,2020-03-26
4:19:03 AM,5:01:51 PM,10:40:27 AM,12:42:48,3:44:58 AM,5:35:56 PM,3:03:59 AM,6:16:55 PM,2:20:23 AM,7:00:30 PM,2020-03-27
4:16:43 AM,5:03:34 PM,10:40:09 AM,12:46:51,3:42:34 AM,5:37:44 PM,3:01:26 AM,6:18:52 PM,2:17:34 AM,7:02:44 PM,2020-03-28
4:14:24 AM,5:05:18 PM,10:39:51 AM,12:50:54,3:40:10 AM,5:39:31 PM,2:58:52 AM,6:20:49 PM,2:14:43 AM,7:04:59 PM,2020-03-29
4:12:04 AM,5:07:01 PM,10:39:33 AM,12:54:57,3:37:46 AM,5:41:19 PM,2:56:18 AM,6:22:47 PM,2:11:51 AM,7:07:15 PM,2020-03-30
4:09:45 AM,5:08:45 PM,10:39:15 AM,12:59:00,3:35:22 AM,5:43:08 PM,2:53:44 AM,6:24:46 PM,2:08:57 AM,7:09:33 PM,2020-03-31
4:07:26 AM,5:10:28 PM,10:38:57 AM,13:03:02,3:32:58 AM,5:44:56 PM,2:51:09 AM,6:26:46 PM,2:06:03 AM,7:11:52 PM,2020-04-01
4:05:08 AM,5:12:12 PM,10:38:40 AM,13:07:04,3:30:34 AM,5:46:45 PM,2:48:34 AM,6:28:46 PM,2:03:07 AM,7:14:13 PM,2020-04-02
4:02:49 AM,5:13:55 PM,10:38:22 AM,13:11:06,3:28:10 AM,5:48:34 PM,2:45:58 AM,6:30:47 PM,2:00:09 AM,7:16:35 PM,2020-04-03
4:00:31 AM,5:15:38 PM,10:38:05 AM,13:15:07,3:25:46 AM,5:50:23 PM,2:43:22 AM,6:32:48 PM,1:57:11 AM,7:18:59 PM,2020-04-04
3:58:14 AM,5:17:22 PM,10:37:48 AM,13:19:08,3:23:23 AM,5:52:13 PM,2:40:45 AM,6:34:50 PM,1:54:11 AM,7:21:25 PM,2020-04-05
3:55:57 AM,5:19:05 PM,10:37:31 AM,13:23:08,3:20:59 AM,5:54:03 PM,2:38:08 AM,6:36:53 PM,1:51:10 AM,7:23:52 PM,2020-04-06
3:53:40 AM,5:20:48 PM,10:37:14 AM,13:27:08,3:18:35 AM,5:55:53 PM,2:35:31 AM,6:38:57 PM,1:48:07 AM,7:26:21 PM,2020-04-07
3:51:24 AM,5:22:31 PM,10:36:58 AM,13:31:07,3:16:12 AM,5:57:43 PM,2:32:54 AM,6:41:02 PM,1:45:03 AM,7:28:52 PM,2020-04-08
3:49:08 AM,5:24:15 PM,10:36:42 AM,13:35:07,3:13:49 AM,5:59:34 PM,2:30:16 AM,6:43:07 PM,1:41:58 AM,7:31:25 PM,2020-04-09
3:46:53 AM,5:25:58 PM,10:36:26 AM,13:39:05,3:11:26 AM,6:01:25 PM,2:27:38 AM,6:45:13 PM,1:38:52 AM,7:34:00 PM,2020-04-10
3:44:39 AM,5:27:41 PM,10:36:10 AM,13:43:02,3:09:04 AM,6:03:16 PM,2:25:00 AM,6:47:20 PM,1:35:43 AM,7:36:37 PM,2020-04-11
3:42:25 AM,5:29:25 PM,10:35:55 AM,13:47:00,3:06:42 AM,6:05:08 PM,2:22:21 AM,6:49:28 PM,1:32:34 AM,7:39:16 PM,2020-04-12
3:40:12 AM,5:31:08 PM,10:35:40 AM,13:50:56,3:04:20 AM,6:06:59 PM,2:19:43 AM,6:51:37 PM,1:29:23 AM,7:41:57 PM,2020-04-13
3:37:59 AM,5:32:51 PM,10:35:25 AM,13:54:52,3:01:59 AM,6:08:52 PM,2:17:04 AM,6:53:46 PM,1:26:10 AM,7:44:40 PM,2020-04-14
3:35:47 AM,5:34:34 PM,10:35:11 AM,13:58:47,2:59:38 AM,6:10:44 PM,2:14:25 AM,6:55:56 PM,1:22:56 AM,7:47:26 PM,2020-04-15
3:33:36 AM,5:36:18 PM,10:34:57 AM,14:02:42,2:57:17 AM,6:12:36 PM,2:11:46 AM,6:58:08 PM,1:19:40 AM,7:50:14 PM,2020-04-16
3:31:26 AM,5:38:01 PM,10:34:43 AM,14:06:35,2:54:57 AM,6:14:29 PM,2:09:07 AM,7:00:20 PM,1:16:23 AM,7:53:04 PM,2020-04-17
3:29:16 AM,5:39:44 PM,10:34:30 AM,14:10:28,2:52:38 AM,6:16:22 PM,2:06:28 AM,7:02:32 PM,1:13:03 AM,7:55:57 PM,2020-04-18
3:27:08 AM,5:41:27 PM,10:34:18 AM,14:14:19,2:50:19 AM,6:18:16 PM,2:03:49 AM,7:04:46 PM,1:09:42 AM,7:58:53 PM,2020-04-19
3:25:00 AM,5:43:10 PM,10:34:05 AM,14:18:10,2:48:01 AM,6:20:09 PM,2:01:10 AM,7:07:01 PM,1:06:19 AM,8:01:51 PM,2020-04-20
3:22:54 AM,5:44:53 PM,10:33:53 AM,14:21:59,2:45:44 AM,6:22:03 PM,1:58:31 AM,7:09:16 PM,1:02:54 AM,8:04:53 PM,2020-04-21
3:20:48 AM,5:46:36 PM,10:33:42 AM,14:25:48,2:43:27 AM,6:23:57 PM,1:55:52 AM,7:11:32 PM,12:59:27 AM,8:07:57 PM,2020-04-22
3:18:43 AM,5:48:19 PM,10:33:31 AM,14:29:36,2:41:11 AM,6:25:51 PM,1:53:13 AM,7:13:49 PM,12:55:57 AM,8:11:05 PM,2020-04-23
3:16:40 AM,5:50:02 PM,10:33:21 AM,14:33:22,2:38:56 AM,6:27:45 PM,1:50:34 AM,7:16:07 PM,12:52:25 AM,8:14:16 PM,2020-04-24
3:14:37 AM,5:51:44 PM,10:33:11 AM,14:37:07,2:36:41 AM,6:29:40 PM,1:47:56 AM,7:18:26 PM,12:48:51 AM,8:17:30 PM,2020-04-25
3:12:36 AM,5:53:26 PM,10:33:01 AM,14:40:50,2:34:28 AM,6:31:34 PM,1:45:17 AM,7:20:45 PM,12:45:14 AM,8:20:48 PM,2020-04-26
3:10:36 AM,5:55:09 PM,10:32:52 AM,14:44:33,2:32:15 AM,6:33:29 PM,1:42:39 AM,7:23:05 PM,12:41:34 AM,8:24:10 PM,2020-04-27
3:08:37 AM,5:56:51 PM,10:32:44 AM,14:48:14,2:30:04 AM,6:35:24 PM,1:40:01 AM,7:25:26 PM,12:37:51 AM,8:27:36 PM,2020-04-28
3:06:39 AM,5:58:32 PM,10:32:36 AM,14:51:53,2:27:53 AM,6:37:18 PM,1:37:24 AM,7:27:48 PM,12:34:05 AM,8:31:06 PM,2020-04-29
3:04:43 AM,6:00:14 PM,10:32:28 AM,14:55:31,2:25:44 AM,6:39:13 PM,1:34:46 AM,7:30:10 PM,12:30:15 AM,8:34:41 PM,2020-04-30
3:02:48 AM,6:01:55 PM,10:32:21 AM,14:59:07,2:23:35 AM,6:41:07 PM,1:32:10 AM,7:32:33 PM,12:26:22 AM,8:38:21 PM,2020-05-01
3:00:54 AM,6:03:36 PM,10:32:15 AM,15:02:42,2:21:28 AM,6:43:02 PM,1:29:33 AM,7:34:57 PM,12:22:24 AM,8:42:06 PM,2020-05-02
2:59:02 AM,6:05:16 PM,10:32:09 AM,15:06:14,2:19:22 AM,6:44:56 PM,1:26:57 AM,7:37:21 PM,12:18:21 AM,8:45:58 PM,2020-05-03
2:57:12 AM,6:06:56 PM,10:32:04 AM,15:09:44,2:17:18 AM,6:46:50 PM,1:24:22 AM,7:39:46 PM,12:14:13 AM,8:49:55 PM,2020-05-04
2:55:23 AM,6:08:36 PM,10:31:59 AM,15:13:13,2:15:14 AM,6:48:44 PM,1:21:47 AM,7:42:12 PM,12:09:59 AM,8:54:00 PM,2020-05-05
2:53:35 AM,6:10:15 PM,10:31:55 AM,15:16:40,2:13:12 AM,6:50:38 PM,1:19:13 AM,7:44:37 PM,12:05:39 AM,8:58:12 PM,2020-05-06
2:51:50 AM,6:11:54 PM,10:31:52 AM,15:20:04,2:11:12 AM,6:52:31 PM,1:16:40 AM,7:47:04 PM,12:01:11 AM,9:02:33 PM,2020-05-07
2:50:06 AM,6:13:32 PM,10:31:49 AM,15:23:26,2:09:13 AM,6:54:24 PM,1:14:07 AM,7:49:31 PM,11:56:34 PM,9:07:03 PM,2020-05-08
2:48:24 AM,6:15:09 PM,10:31:46 AM,15:26:45,2:07:16 AM,6:56:17 PM,1:11:35 AM,7:51:58 PM,11:51:47 PM,9:11:45 PM,2020-05-09
2:46:43 AM,6:16:46 PM,10:31:45 AM,15:30:03,2:05:20 AM,6:58:09 PM,1:09:04 AM,7:54:25 PM,11:46:48 PM,9:16:41 PM,2020-05-10
2:45:05 AM,6:18:22 PM,10:31:43 AM,15:33:17,2:03:26 AM,7:00:00 PM,1:06:34 AM,7:56:53 PM,11:41:35 PM,9:21:52 PM,2020-05-11
2:43:28 AM,6:19:57 PM,10:31:43 AM,15:36:29,2:01:34 AM,7:01:51 PM,1:04:05 AM,7:59:20 PM,11:36:03 PM,9:27:23 PM,2020-05-12
2:41:53 AM,6:21:32 PM,10:31:43 AM,15:39:39,1:59:44 AM,7:03:41 PM,1:01:37 AM,8:01:48 PM,11:30:07 PM,9:33:18 PM,2020-05-13
2:40:21 AM,6:23:05 PM,10:31:43 AM,15:42:44,1:57:55 AM,7:05:31 PM,12:59:10 AM,8:04:16 PM,11:23:41 PM,9:39:45 PM,2020-05-14
2:38:50 AM,6:24:38 PM,10:31:44 AM,15:45:48,1:56:09 AM,7:07:19 PM,12:56:45 AM,8:06:43 PM,11:16:29 PM,9:46:59 PM,2020-05-15
2:37:22 AM,6:26:10 PM,10:31:46 AM,15:48:48,1:54:25 AM,7:09:07 PM,12:54:20 AM,8:09:11 PM,11:08:05 PM,9:55:26 PM,2020-05-16
2:35:55 AM,6:27:40 PM,10:31:48 AM,15:51:45,1:52:43 AM,7:10:53 PM,12:51:58 AM,8:11:38 PM,10:57:19 PM,10:06:16 PM,2020-05-17
2:34:31 AM,6:29:10 PM,10:31:50 AM,15:54:39,1:51:03 AM,7:12:38 PM,12:49:36 AM,8:14:05 PM,12:00:01 AM,12:00:01 AM,2020-05-18
2:33:09 AM,6:30:38 PM,10:31:54 AM,15:57:29,1:49:25 AM,7:14:23 PM,12:47:17 AM,8:16:31 PM,12:00:01 AM,12:00:01 AM,2020-05-19
2:31:50 AM,6:32:05 PM,10:31:57 AM,16:00:15,1:47:49 AM,7:16:06 PM,12:44:59 AM,8:18:56 PM,12:00:01 AM,12:00:01 AM,2020-05-20
2:30:33 AM,6:33:31 PM,10:32:02 AM,16:02:58,1:46:16 AM,7:17:47 PM,12:42:43 AM,8:21:20 PM,12:00:01 AM,12:00:01 AM,2020-05-21
2:29:18 AM,6:34:55 PM,10:32:07 AM,16:05:37,1:44:46 AM,7:19:27 PM,12:40:29 AM,8:23:44 PM,12:00:01 AM,12:00:01 AM,2020-05-22
2:28:06 AM,6:36:18 PM,10:32:12 AM,16:08:12,1:43:18 AM,7:21:06 PM,12:38:17 AM,8:26:07 PM,12:00:01 AM,12:00:01 AM,2020-05-23
2:26:56 AM,6:37:39 PM,10:32:18 AM,16:10:43,1:41:53 AM,7:22:43 PM,12:36:08 AM,8:28:28 PM,12:00:01 AM,12:00:01 AM,2020-05-24
2:25:49 AM,6:38:59 PM,10:32:24 AM,16:13:10,1:40:31 AM,7:24:18 PM,12:34:01 AM,8:30:47 PM,12:00:01 AM,12:00:01 AM,2020-05-25
2:24:45 AM,6:40:17 PM,10:32:31 AM,16:15:32,1:39:11 AM,7:25:51 PM,12:31:56 AM,8:33:06 PM,12:00:01 AM,12:00:01 AM,2020-05-26
2:23:43 AM,6:41:33 PM,10:32:38 AM,16:17:50,1:37:54 AM,7:27:22 PM,12:29:55 AM,8:35:22 PM,12:00:01 AM,12:00:01 AM,2020-05-27
2:22:44 AM,6:42:48 PM,10:32:46 AM,16:20:04,1:36:41 AM,7:28:51 PM,12:27:56 AM,8:37:36 PM,12:00:01 AM,12:00:01 AM,2020-05-28
2:21:48 AM,6:44:01 PM,10:32:54 AM,16:22:13,1:35:30 AM,7:30:18 PM,12:26:00 AM,8:39:48 PM,12:00:01 AM,12:00:01 AM,2020-05-29
2:20:55 AM,6:45:11 PM,10:33:03 AM,16:24:16,1:34:23 AM,7:31:43 PM,12:24:08 AM,8:41:58 PM,12:00:01 AM,12:00:01 AM,2020-05-30
2:20:04 AM,6:46:20 PM,10:33:12 AM,16:26:16,1:33:18 AM,7:33:05 PM,12:22:19 AM,8:44:04 PM,12:00:01 AM,12:00:01 AM,2020-05-31
2:19:16 AM,6:47:26 PM,10:33:21 AM,16:28:10,1:32:17 AM,7:34:25 PM,12:20:34 AM,8:46:08 PM,12:00:01 AM,12:00:01 AM,2020-06-01
2:18:32 AM,6:48:30 PM,10:33:31 AM,16:29:58,1:31:20 AM,7:35:42 PM,12:18:53 AM,8:48:09 PM,12:00:01 AM,12:00:01 AM,2020-06-02
2:17:50 AM,6:49:32 PM,10:33:41 AM,16:31:42,1:30:25 AM,7:36:57 PM,12:17:17 AM,8:50:06 PM,12:00:01 AM,12:00:01 AM,2020-06-03
2:17:11 AM,6:50:32 PM,10:33:52 AM,16:33:21,1:29:35 AM,7:38:09 PM,12:15:44 AM,8:51:59 PM,12:00:01 AM,12:00:01 AM,2020-06-04
2:16:36 AM,6:51:29 PM,10:34:03 AM,16:34:53,1:28:48 AM,7:39:17 PM,12:14:17 AM,8:53:48 PM,12:00:01 AM,12:00:01 AM,2020-06-05
2:16:03 AM,6:52:24 PM,10:34:14 AM,16:36:21,1:28:04 AM,7:40:23 PM,12:12:54 AM,8:55:33 PM,12:00:01 AM,12:00:01 AM,2020-06-06
2:15:33 AM,6:53:17 PM,10:34:25 AM,16:37:44,1:27:24 AM,7:41:26 PM,12:11:36 AM,8:57:14 PM,12:00:01 AM,12:00:01 AM,2020-06-07
2:15:07 AM,6:54:06 PM,10:34:37 AM,16:38:59,1:26:48 AM,7:42:25 PM,12:10:24 AM,8:58:49 PM,12:00:01 AM,12:00:01 AM,2020-06-08
2:14:44 AM,6:54:53 PM,10:34:49 AM,16:40:09,1:26:16 AM,7:43:21 PM,12:09:18 AM,9:00:19 PM,12:00:01 AM,12:00:01 AM,2020-06-09
2:14:24 AM,6:55:38 PM,10:35:01 AM,16:41:14,1:25:48 AM,7:44:14 PM,12:08:18 AM,9:01:44 PM,12:00:01 AM,12:00:01 AM,2020-06-10
2:14:07 AM,6:56:19 PM,10:35:13 AM,16:42:12,1:25:23 AM,7:45:03 PM,12:07:24 AM,9:03:03 PM,12:00:01 AM,12:00:01 AM,2020-06-11
2:13:53 AM,6:56:58 PM,10:35:26 AM,16:43:05,1:25:03 AM,7:45:49 PM,12:06:36 AM,9:04:15 PM,12:00:01 AM,12:00:01 AM,2020-06-12
2:13:42 AM,6:57:34 PM,10:35:38 AM,16:43:52,1:24:46 AM,7:46:31 PM,12:05:55 AM,9:05:22 PM,12:00:01 AM,12:00:01 AM,2020-06-13
2:13:35 AM,6:58:07 PM,10:35:51 AM,16:44:32,1:24:33 AM,7:47:09 PM,12:05:20 AM,9:06:21 PM,12:00:01 AM,12:00:01 AM,2020-06-14
2:13:31 AM,6:58:37 PM,10:36:04 AM,16:45:06,1:24:24 AM,7:47:43 PM,12:04:53 AM,9:07:14 PM,12:00:01 AM,12:00:01 AM,2020-06-15
2:13:30 AM,6:59:04 PM,10:36:17 AM,16:45:34,1:24:20 AM,7:48:14 PM,12:04:33 AM,9:08:00 PM,12:00:01 AM,12:00:01 AM,2020-06-16
2:13:32 AM,6:59:27 PM,10:36:30 AM,16:45:55,1:24:19 AM,7:48:41 PM,12:04:21 AM,9:08:39 PM,12:00:01 AM,12:00:01 AM,2020-06-17
2:13:38 AM,6:59:48 PM,10:36:43 AM,16:46:10,1:24:22 AM,7:49:04 PM,12:04:15 AM,9:09:11 PM,12:00:01 AM,12:00:01 AM,2020-06-18
2:13:46 AM,7:00:06 PM,10:36:56 AM,16:46:20,1:24:30 AM,7:49:22 PM,12:04:17 AM,9:09:35 PM,12:00:01 AM,12:00:01 AM,2020-06-19
2:13:58 AM,7:00:20 PM,10:37:09 AM,16:46:22,1:24:41 AM,7:49:37 PM,12:04:27 AM,9:09:51 PM,12:00:01 AM,12:00:01 AM,2020-06-20
2:14:13 AM,7:00:32 PM,10:37:22 AM,16:46:19,1:24:56 AM,7:49:48 PM,12:04:44 AM,9:10:00 PM,12:00:01 AM,12:00:01 AM,2020-06-21
2:14:30 AM,7:00:40 PM,10:37:35 AM,16:46:10,1:25:15 AM,7:49:55 PM,12:05:09 AM,9:10:01 PM,12:00:01 AM,12:00:01 AM,2020-06-22
2:14:51 AM,7:00:45 PM,10:37:48 AM,16:45:54,1:25:38 AM,7:49:58 PM,12:05:41 AM,9:09:55 PM,12:00:01 AM,12:00:01 AM,2020-06-23
2:15:15 AM,7:00:46 PM,10:38:01 AM,16:45:31,1:26:05 AM,7:49:56 PM,12:06:20 AM,9:09:42 PM,12:00:01 AM,12:00:01 AM,2020-06-24
2:15:42 AM,7:00:45 PM,10:38:13 AM,16:45:03,1:26:36 AM,7:49:51 PM,12:07:06 AM,9:09:21 PM,12:00:01 AM,12:00:01 AM,2020-06-25
2:16:12 AM,7:00:40 PM,10:38:26 AM,16:44:28,1:27:10 AM,7:49:42 PM,12:07:59 AM,9:08:53 PM,12:00:01 AM,12:00:01 AM,2020-06-26
2:16:45 AM,7:00:32 PM,10:38:38 AM,16:43:47,1:27:48 AM,7:49:28 PM,12:08:59 AM,9:08:17 PM,12:00:01 AM,12:00:01 AM,2020-06-27
2:17:20 AM,7:00:21 PM,10:38:50 AM,16:43:01,1:28:30 AM,7:49:11 PM,12:10:06 AM,9:07:35 PM,12:00:01 AM,12:00:01 AM,2020-06-28
2:17:59 AM,7:00:06 PM,10:39:02 AM,16:42:07,1:29:15 AM,7:48:49 PM,12:11:18 AM,9:06:47 PM,12:00:01 AM,12:00:01 AM,2020-06-29
2:18:40 AM,6:59:48 PM,10:39:14 AM,16:41:08,1:30:04 AM,7:48:24 PM,12:12:37 AM,9:05:52 PM,12:00:01 AM,12:00:01 AM,2020-06-30
2:19:24 AM,6:59:28 PM,10:39:26 AM,16:40:04,1:30:56 AM,7:47:55 PM,12:14:01 AM,9:04:50 PM,12:00:01 AM,12:00:01 AM,2020-07-01
2:20:10 AM,6:59:03 PM,10:39:37 AM,16:38:53,1:31:52 AM,7:47:22 PM,12:15:30 AM,9:03:43 PM,12:00:01 AM,12:00:01 AM,2020-07-02
2:20:59 AM,6:58:36 PM,10:39:48 AM,16:37:37,1:32:50 AM,7:46:45 PM,12:17:05 AM,9:02:30 PM,12:00:01 AM,12:00:01 AM,2020-07-03
2:21:50 AM,6:58:06 PM,10:39:58 AM,16:36:16,1:33:52 AM,7:46:04 PM,12:18:45 AM,9:01:11 PM,12:00:01 AM,12:00:01 AM,2020-07-04
2:22:44 AM,6:57:32 PM,10:40:08 AM,16:34:48,1:34:57 AM,7:45:19 PM,12:20:29 AM,8:59:48 PM,12:00:01 AM,12:00:01 AM,2020-07-05
2:23:41 AM,6:56:55 PM,10:40:18 AM,16:33:14,1:36:05 AM,7:44:31 PM,12:22:17 AM,8:58:19 PM,12:00:01 AM,12:00:01 AM,2020-07-06
2:24:39 AM,6:56:16 PM,10:40:27 AM,16:31:37,1:37:15 AM,7:43:40 PM,12:24:09 AM,8:56:46 PM,12:00:01 AM,12:00:01 AM,2020-07-07
2:25:40 AM,6:55:33 PM,10:40:36 AM,16:29:53,1:38:28 AM,7:42:44 PM,12:26:04 AM,8:55:08 PM,12:00:01 AM,12:00:01 AM,2020-07-08
2:26:43 AM,6:54:47 PM,10:40:45 AM,16:28:04,1:39:44 AM,7:41:46 PM,12:28:03 AM,8:53:27 PM,12:00:01 AM,12:00:01 AM,2020-07-09
2:27:48 AM,6:53:58 PM,10:40:53 AM,16:26:10,1:41:03 AM,7:40:44 PM,12:30:06 AM,8:51:41 PM,12:00:01 AM,12:00:01 AM,2020-07-10
2:28:55 AM,6:53:07 PM,10:41:01 AM,16:24:12,1:42:23 AM,7:39:39 PM,12:32:11 AM,8:49:51 PM,12:00:01 AM,12:00:01 AM,2020-07-11
2:30:04 AM,6:52:12 PM,10:41:08 AM,16:22:08,1:43:46 AM,7:38:30 PM,12:34:18 AM,8:47:58 PM,12:00:01 AM,12:00:01 AM,2020-07-12
2:31:15 AM,6:51:15 PM,10:41:15 AM,16:20:00,1:45:12 AM,7:37:18 PM,12:36:28 AM,8:46:02 PM,12:00:01 AM,12:00:01 AM,2020-07-13
2:32:28 AM,6:50:15 PM,10:41:21 AM,16:17:47,1:46:39 AM,7:36:04 PM,12:38:40 AM,8:44:02 PM,12:00:01 AM,12:00:01 AM,2020-07-14
2:33:42 AM,6:49:12 PM,10:41:27 AM,16:15:30,1:48:08 AM,7:34:46 PM,12:40:54 AM,8:42:00 PM,12:00:01 AM,12:00:01 AM,2020-07-15
2:34:58 AM,6:48:06 PM,10:41:32 AM,16:13:08,1:49:39 AM,7:33:25 PM,12:43:10 AM,8:39:55 PM,12:00:01 AM,12:00:01 AM,2020-07-16
2:36:16 AM,6:46:58 PM,10:41:37 AM,16:10:42,1:51:12 AM,7:32:02 PM,12:45:27 AM,8:37:47 PM,12:00:01 AM,12:00:01 AM,2020-07-17
2:37:35 AM,6:45:47 PM,10:41:41 AM,16:08:12,1:52:47 AM,7:30:36 PM,12:47:46 AM,8:35:37 PM,12:00:01 AM,12:00:01 AM,2020-07-18
2:38:56 AM,6:44:34 PM,10:41:45 AM,16:05:38,1:54:23 AM,7:29:07 PM,12:50:05 AM,8:33:24 PM,12:00:01 AM,12:00:01 AM,2020-07-19
2:40:18 AM,6:43:18 PM,10:41:48 AM,16:03:00,1:56:01 AM,7:27:35 PM,12:52:26 AM,8:31:10 PM,12:00:01 AM,12:00:01 AM,2020-07-20
2:41:41 AM,6:42:00 PM,10:41:50 AM,16:00:19,1:57:40 AM,7:26:01 PM,12:54:48 AM,8:28:53 PM,12:00:01 AM,12:00:01 AM,2020-07-21
2:43:05 AM,6:40:39 PM,10:41:52 AM,15:57:34,1:59:20 AM,7:24:25 PM,12:57:10 AM,8:26:35 PM,12:00:01 AM,12:00:01 AM,2020-07-22
2:44:31 AM,6:39:16 PM,10:41:54 AM,15:54:45,2:01:01 AM,7:22:46 PM,12:59:33 AM,8:24:14 PM,12:00:01 AM,12:00:01 AM,2020-07-23
2:45:58 AM,6:37:51 PM,10:41:55 AM,15:51:53,2:02:44 AM,7:21:05 PM,1:01:57 AM,8:21:52 PM,11:06:45 PM,10:17:04 PM,2020-07-24
2:47:26 AM,6:36:24 PM,10:41:55 AM,15:48:58,2:04:27 AM,7:19:22 PM,1:04:21 AM,8:19:29 PM,11:17:39 PM,10:06:10 PM,2020-07-25
2:48:54 AM,6:34:54 PM,10:41:54 AM,15:46:00,2:06:12 AM,7:17:37 PM,1:06:45 AM,8:17:04 PM,11:26:06 PM,9:57:42 PM,2020-07-26
2:50:24 AM,6:33:22 PM,10:41:53 AM,15:42:58,2:07:57 AM,7:15:49 PM,1:09:09 AM,8:14:38 PM,11:33:19 PM,9:50:28 PM,2020-07-27
2:51:55 AM,6:31:49 PM,10:41:52 AM,15:39:54,2:09:43 AM,7:14:00 PM,1:11:33 AM,8:12:10 PM,11:39:44 PM,9:43:59 PM,2020-07-28
2:53:26 AM,6:30:13 PM,10:41:49 AM,15:36:47,2:11:30 AM,7:12:09 PM,1:13:57 AM,8:09:41 PM,11:45:36 PM,9:38:03 PM,2020-07-29
2:54:58 AM,6:28:35 PM,10:41:46 AM,15:33:37,2:13:18 AM,7:10:15 PM,1:16:21 AM,8:07:12 PM,11:51:03 PM,9:32:29 PM,2020-07-30
2:56:31 AM,6:26:55 PM,10:41:43 AM,15:30:24,2:15:06 AM,7:08:21 PM,1:18:45 AM,8:04:41 PM,11:56:11 PM,9:27:15 PM,2020-07-31
2:58:04 AM,6:25:14 PM,10:41:39 AM,15:27:10,2:16:54 AM,7:06:24 PM,1:21:09 AM,8:02:09 PM,12:01:03 AM,9:22:15 PM,2020-08-01
2:59:38 AM,6:23:30 PM,10:41:34 AM,15:23:52,2:18:43 AM,7:04:26 PM,1:23:32 AM,7:59:37 PM,12:05:42 AM,9:17:27 PM,2020-08-02
3:01:13 AM,6:21:45 PM,10:41:29 AM,15:20:32,2:20:32 AM,7:02:26 PM,1:25:55 AM,7:57:03 PM,12:10:09 AM,9:12:49 PM,2020-08-03
3:02:48 AM,6:19:58 PM,10:41:23 AM,15:17:10,2:22:22 AM,7:00:24 PM,1:28:17 AM,7:54:29 PM,12:14:26 AM,9:08:20 PM,2020-08-04
3:04:23 AM,6:18:10 PM,10:41:17 AM,15:13:47,2:24:12 AM,6:58:21 PM,1:30:39 AM,7:51:54 PM,12:18:34 AM,9:03:59 PM,2020-08-05
3:05:59 AM,6:16:20 PM,10:41:10 AM,15:10:21,2:26:02 AM,6:56:17 PM,1:33:01 AM,7:49:18 PM,12:22:35 AM,8:59:45 PM,2020-08-06
3:07:36 AM,6:14:28 PM,10:41:02 AM,15:06:52,2:27:52 AM,6:54:12 PM,1:35:22 AM,7:46:42 PM,12:26:28 AM,8:55:36 PM,2020-08-07
3:09:12 AM,6:12:35 PM,10:40:54 AM,15:03:23,2:29:43 AM,6:52:05 PM,1:37:42 AM,7:44:06 PM,12:30:15 AM,8:51:32 PM,2020-08-08
3:10:49 AM,6:10:41 PM,10:40:45 AM,14:59:52,2:31:33 AM,6:49:57 PM,1:40:01 AM,7:41:28 PM,12:33:56 AM,8:47:33 PM,2020-08-09
3:12:26 AM,6:08:45 PM,10:40:35 AM,14:56:19,2:33:24 AM,6:47:47 PM,1:42:20 AM,7:38:51 PM,12:37:32 AM,8:43:39 PM,2020-08-10
3:14:04 AM,6:06:47 PM,10:40:25 AM,14:52:43,2:35:14 AM,6:45:37 PM,1:44:38 AM,7:36:13 PM,12:41:03 AM,8:39:48 PM,2020-08-11
3:15:41 AM,6:04:48 PM,10:40:15 AM,14:49:07,2:37:05 AM,6:43:25 PM,1:46:56 AM,7:33:34 PM,12:44:29 AM,8:36:01 PM,2020-08-12
3:17:19 AM,6:02:48 PM,10:40:04 AM,14:45:29,2:38:55 AM,6:41:13 PM,1:49:12 AM,7:30:56 PM,12:47:51 AM,8:32:17 PM,2020-08-13
3:18:57 AM,6:00:47 PM,10:39:52 AM,14:41:50,2:40:45 AM,6:38:59 PM,1:51:28 AM,7:28:17 PM,12:51:08 AM,8:28:36 PM,2020-08-14
3:20:35 AM,5:58:45 PM,10:39:40 AM,14:38:10,2:42:36 AM,6:36:45 PM,1:53:43 AM,7:25:37 PM,12:54:22 AM,8:24:58 PM,2020-08-15
3:22:14 AM,5:56:41 PM,10:39:27 AM,14:34:27,2:44:26 AM,6:34:29 PM,1:55:57 AM,7:22:58 PM,12:57:32 AM,8:21:23 PM,2020-08-16
3:23:52 AM,5:54:36 PM,10:39:14 AM,14:30:44,2:46:16 AM,6:32:13 PM,1:58:10 AM,7:20:18 PM,1:00:39 AM,8:17:50 PM,2020-08-17
3:25:31 AM,5:52:31 PM,10:39:01 AM,14:27:00,2:48:05 AM,6:29:56 PM,2:00:23 AM,7:17:38 PM,1:03:42 AM,8:14:19 PM,2020-08-18
3:27:09 AM,5:50:24 PM,10:38:46 AM,14:23:15,2:49:55 AM,6:27:38 PM,2:02:35 AM,7:14:58 PM,1:06:42 AM,8:10:51 PM,2020-08-19
3:28:48 AM,5:48:16 PM,10:38:32 AM,14:19:28,2:51:44 AM,6:25:20 PM,2:04:45 AM,7:12:18 PM,1:09:39 AM,8:07:25 PM,2020-08-20
3:30:26 AM,5:46:07 PM,10:38:17 AM,14:15:41,2:53:33 AM,6:23:00 PM,2:06:55 AM,7:09:38 PM,1:12:33 AM,8:04:01 PM,2020-08-21
3:32:05 AM,5:43:58 PM,10:38:01 AM,14:11:53,2:55:22 AM,6:20:40 PM,2:09:04 AM,7:06:58 PM,1:15:24 AM,8:00:38 PM,2020-08-22
3:33:43 AM,5:41:47 PM,10:37:45 AM,14:08:04,2:57:10 AM,6:18:20 PM,2:11:12 AM,7:04:18 PM,1:18:13 AM,7:57:18 PM,2020-08-23
3:35:22 AM,5:39:36 PM,10:37:29 AM,14:04:14,2:58:58 AM,6:15:59 PM,2:13:20 AM,7:01:38 PM,1:20:59 AM,7:53:59 PM,2020-08-24
3:37:00 AM,5:37:23 PM,10:37:12 AM,14:00:23,3:00:46 AM,6:13:37 PM,2:15:26 AM,6:58:58 PM,1:23:42 AM,7:50:42 PM,2020-08-25
3:38:39 AM,5:35:10 PM,10:36:55 AM,13:56:31,3:02:34 AM,6:11:15 PM,2:17:32 AM,6:56:18 PM,1:26:23 AM,7:47:26 PM,2020-08-26
3:40:18 AM,5:32:57 PM,10:36:37 AM,13:52:39,3:04:21 AM,6:08:53 PM,2:19:37 AM,6:53:38 PM,1:29:02 AM,7:44:13 PM,2020-08-27
3:41:56 AM,5:30:42 PM,10:36:19 AM,13:48:46,3:06:08 AM,6:06:30 PM,2:21:40 AM,6:50:58 PM,1:31:38 AM,7:41:00 PM,2020-08-28
3:43:35 AM,5:28:27 PM,10:36:01 AM,13:44:52,3:07:55 AM,6:04:07 PM,2:23:43 AM,6:48:18 PM,1:34:13 AM,7:37:49 PM,2020-08-29
3:45:13 AM,5:26:12 PM,10:35:42 AM,13:40:59,3:09:42 AM,6:01:43 PM,2:25:46 AM,6:45:39 PM,1:36:45 AM,7:34:40 PM,2020-08-30
3:46:52 AM,5:23:55 PM,10:35:23 AM,13:37:03,3:11:28 AM,5:59:19 PM,2:27:47 AM,6:43:00 PM,1:39:15 AM,7:31:32 PM,2020-08-31
3:48:30 AM,5:21:38 PM,10:35:04 AM,13:33:08,3:13:14 AM,5:56:55 PM,2:29:48 AM,6:40:21 PM,1:41:43 AM,7:28:25 PM,2020-09-01
3:50:08 AM,5:19:21 PM,10:34:45 AM,13:29:13,3:14:59 AM,5:54:30 PM,2:31:47 AM,6:37:42 PM,1:44:10 AM,7:25:20 PM,2020-09-02
3:51:47 AM,5:17:03 PM,10:34:25 AM,13:25:16,3:16:44 AM,5:52:06 PM,2:33:46 AM,6:35:04 PM,1:46:34 AM,7:22:16 PM,2020-09-03
3:53:25 AM,5:14:45 PM,10:34:05 AM,13:21:20,3:18:29 AM,5:49:41 PM,2:35:45 AM,6:32:25 PM,1:48:57 AM,7:19:13 PM,2020-09-04
3:55:03 AM,5:12:26 PM,10:33:45 AM,13:17:23,3:20:14 AM,5:47:16 PM,2:37:42 AM,6:29:48 PM,1:51:18 AM,7:16:12 PM,2020-09-05
3:56:42 AM,5:10:07 PM,10:33:24 AM,13:13:25,3:21:58 AM,5:44:50 PM,2:39:39 AM,6:27:10 PM,1:53:37 AM,7:13:12 PM,2020-09-06
3:58:20 AM,5:07:47 PM,10:33:04 AM,13:09:27,3:23:42 AM,5:42:25 PM,2:41:35 AM,6:24:33 PM,1:55:55 AM,7:10:13 PM,2020-09-07
3:59:58 AM,5:05:28 PM,10:32:43 AM,13:05:30,3:25:26 AM,5:40:00 PM,2:43:30 AM,6:21:56 PM,1:58:11 AM,7:07:15 PM,2020-09-08
4:01:37 AM,5:03:07 PM,10:32:22 AM,13:01:30,3:27:10 AM,5:37:34 PM,2:45:24 AM,6:19:20 PM,2:00:25 AM,7:04:19 PM,2020-09-09
4:03:15 AM,5:00:47 PM,10:32:01 AM,12:57:32,3:28:53 AM,5:35:09 PM,2:47:18 AM,6:16:44 PM,2:02:39 AM,7:01:23 PM,2020-09-10
4:04:53 AM,4:58:26 PM,10:31:40 AM,12:53:33,3:30:36 AM,5:32:44 PM,2:49:11 AM,6:14:08 PM,2:04:50 AM,6:58:29 PM,2020-09-11
4:06:32 AM,4:56:05 PM,10:31:19 AM,12:49:33,3:32:19 AM,5:30:18 PM,2:51:04 AM,6:11:33 PM,2:07:00 AM,6:55:37 PM,2020-09-12
4:08:10 AM,4:53:44 PM,10:30:57 AM,12:45:34,3:34:01 AM,5:27:53 PM,2:52:56 AM,6:08:59 PM,2:09:09 AM,6:52:45 PM,2020-09-13
4:09:49 AM,4:51:23 PM,10:30:36 AM,12:41:34,3:35:44 AM,5:25:28 PM,2:54:47 AM,6:06:25 PM,2:11:17 AM,6:49:55 PM,2020-09-14
4:11:27 AM,4:49:02 PM,10:30:14 AM,12:37:35,3:37:26 AM,5:23:03 PM,2:56:38 AM,6:03:51 PM,2:13:23 AM,6:47:06 PM,2020-09-15
4:13:06 AM,4:46:40 PM,10:29:53 AM,12:33:34,3:39:08 AM,5:20:38 PM,2:58:28 AM,6:01:18 PM,2:15:28 AM,6:44:18 PM,2020-09-16
4:14:44 AM,4:44:19 PM,10:29:31 AM,12:29:35,3:40:50 AM,5:18:13 PM,3:00:17 AM,5:58:46 PM,2:17:32 AM,6:41:31 PM,2020-09-17
4:16:23 AM,4:41:57 PM,10:29:10 AM,12:25:34,3:42:31 AM,5:15:49 PM,3:02:06 AM,5:56:14 PM,2:19:35 AM,6:38:46 PM,2020-09-18
4:18:02 AM,4:39:35 PM,10:28:49 AM,12:21:33,3:44:13 AM,5:13:25 PM,3:03:55 AM,5:53:43 PM,2:21:36 AM,6:36:01 PM,2020-09-19
4:19:41 AM,4:37:14 PM,10:28:27 AM,12:17:33,3:45:54 AM,5:11:01 PM,3:05:42 AM,5:51:12 PM,2:23:37 AM,6:33:18 PM,2020-09-20
4:21:20 AM,4:34:52 PM,10:28:06 AM,12:13:32,3:47:35 AM,5:08:37 PM,3:07:30 AM,5:48:43 PM,2:25:36 AM,6:30:36 PM,2020-09-21
4:23:00 AM,4:32:31 PM,10:27:45 AM,12:09:31,3:49:16 AM,5:06:14 PM,3:09:17 AM,5:46:13 PM,2:27:34 AM,6:27:56 PM,2020-09-22
4:24:39 AM,4:30:09 PM,10:27:24 AM,12:05:30,3:50:57 AM,5:03:51 PM,3:11:03 AM,5:43:45 PM,2:29:32 AM,6:25:16 PM,2020-09-23
4:26:19 AM,4:27:48 PM,10:27:03 AM,12:01:29,3:52:38 AM,5:01:28 PM,3:12:49 AM,5:41:17 PM,2:31:28 AM,6:22:38 PM,2020-09-24
4:27:58 AM,4:25:27 PM,10:26:43 AM,11:57:29,3:54:19 AM,4:59:06 PM,3:14:35 AM,5:38:50 PM,2:33:24 AM,6:20:01 PM,2020-09-25
4:29:38 AM,4:23:06 PM,10:26:22 AM,11:53:28,3:56:00 AM,4:56:45 PM,3:16:20 AM,5:36:24 PM,2:35:18 AM,6:17:26 PM,2020-09-26
4:31:18 AM,4:20:45 PM,10:26:02 AM,11:49:27,3:57:41 AM,4:54:23 PM,3:18:05 AM,5:33:59 PM,2:37:12 AM,6:14:52 PM,2020-09-27
4:32:59 AM,4:18:25 PM,10:25:42 AM,11:45:26,3:59:21 AM,4:52:03 PM,3:19:49 AM,5:31:35 PM,2:39:05 AM,6:12:19 PM,2020-09-28
4:34:39 AM,4:16:05 PM,10:25:22 AM,11:41:26,4:01:02 AM,4:49:42 PM,3:21:33 AM,5:29:11 PM,2:40:57 AM,6:09:47 PM,2020-09-29
4:36:20 AM,4:13:45 PM,10:25:03 AM,11:37:25,4:02:42 AM,4:47:23 PM,3:23:17 AM,5:26:48 PM,2:42:49 AM,6:07:16 PM,2020-09-30
4:38:01 AM,4:11:26 PM,10:24:43 AM,11:33:25,4:04:23 AM,4:45:04 PM,3:25:00 AM,5:24:26 PM,2:44:39 AM,6:04:47 PM,2020-10-01
4:39:42 AM,4:09:07 PM,10:24:25 AM,11:29:25,4:06:04 AM,4:42:45 PM,3:26:44 AM,5:22:05 PM,2:46:29 AM,6:02:20 PM,2020-10-02
4:41:24 AM,4:06:48 PM,10:24:06 AM,11:25:24,4:07:44 AM,4:40:28 PM,3:28:26 AM,5:19:46 PM,2:48:19 AM,5:59:53 PM,2020-10-03
4:43:06 AM,4:04:30 PM,10:23:48 AM,11:21:24,4:09:25 AM,4:38:11 PM,3:30:09 AM,5:17:27 PM,2:50:07 AM,5:57:28 PM,2020-10-04
4:44:48 AM,4:02:12 PM,10:23:30 AM,11:17:24,4:11:05 AM,4:35:54 PM,3:31:51 AM,5:15:09 PM,2:51:55 AM,5:55:05 PM,2020-10-05
4:46:30 AM,3:59:55 PM,10:23:12 AM,11:13:25,4:12:46 AM,4:33:39 PM,3:33:33 AM,5:12:52 PM,2:53:42 AM,5:52:43 PM,2020-10-06
4:48:13 AM,3:57:38 PM,10:22:55 AM,11:09:25,4:14:27 AM,4:31:24 PM,3:35:15 AM,5:10:36 PM,2:55:29 AM,5:50:22 PM,2020-10-07
4:49:56 AM,3:55:22 PM,10:22:39 AM,11:05:26,4:16:08 AM,4:29:10 PM,3:36:56 AM,5:08:21 PM,2:57:15 AM,5:48:03 PM,2020-10-08
4:51:39 AM,3:53:06 PM,10:22:23 AM,11:01:27,4:17:49 AM,4:26:57 PM,3:38:38 AM,5:06:08 PM,2:59:00 AM,5:45:45 PM,2020-10-09
4:53:23 AM,3:50:51 PM,10:22:07 AM,10:57:28,4:19:29 AM,4:24:44 PM,3:40:19 AM,5:03:55 PM,3:00:45 AM,5:43:29 PM,2020-10-10
4:55:06 AM,3:48:37 PM,10:21:52 AM,10:53:31,4:21:10 AM,4:22:33 PM,3:42:00 AM,5:01:44 PM,3:02:30 AM,5:41:14 PM,2020-10-11
4:56:51 AM,3:46:24 PM,10:21:37 AM,10:49:33,4:22:51 AM,4:20:23 PM,3:43:40 AM,4:59:34 PM,3:04:14 AM,5:39:01 PM,2020-10-12
4:58:35 AM,3:44:11 PM,10:21:23 AM,10:45:36,4:24:33 AM,4:18:13 PM,3:45:21 AM,4:57:25 PM,3:05:57 AM,5:36:49 PM,2020-10-13
5:00:20 AM,3:41:59 PM,10:21:09 AM,10:41:39,4:26:14 AM,4:16:05 PM,3:47:01 AM,4:55:17 PM,3:07:40 AM,5:34:39 PM,2020-10-14
5:02:05 AM,3:39:48 PM,10:20:56 AM,10:37:43,4:27:55 AM,4:13:57 PM,3:48:41 AM,4:53:11 PM,3:09:22 AM,5:32:30 PM,2020-10-15
5:03:50 AM,3:37:37 PM,10:20:44 AM,10:33:47,4:29:37 AM,4:11:51 PM,3:50:21 AM,4:51:06 PM,3:11:04 AM,5:30:23 PM,2020-10-16
5:05:36 AM,3:35:28 PM,10:20:32 AM,10:29:52,4:31:18 AM,4:09:46 PM,3:52:01 AM,4:49:03 PM,3:12:46 AM,5:28:18 PM,2020-10-17
5:07:22 AM,3:33:19 PM,10:20:21 AM,10:25:57,4:33:00 AM,4:07:42 PM,3:53:40 AM,4:47:01 PM,3:14:27 AM,5:26:14 PM,2020-10-18
5:09:08 AM,3:31:12 PM,10:20:10 AM,10:22:04,4:34:41 AM,4:05:39 PM,3:55:20 AM,4:45:00 PM,3:16:07 AM,5:24:13 PM,2020-10-19
5:10:55 AM,3:29:05 PM,10:20:00 AM,10:18:10,4:36:23 AM,4:03:37 PM,3:56:59 AM,4:43:01 PM,3:17:47 AM,5:22:12 PM,2020-10-20
5:12:41 AM,3:27:00 PM,10:19:51 AM,10:14:19,4:38:05 AM,4:01:37 PM,3:58:38 AM,4:41:03 PM,3:19:27 AM,5:20:14 PM,2020-10-21
5:14:29 AM,3:24:55 PM,10:19:42 AM,10:10:26,4:39:46 AM,3:59:37 PM,4:00:17 AM,4:39:07 PM,3:21:06 AM,5:18:17 PM,2020-10-22
5:16:16 AM,3:22:52 PM,10:19:34 AM,10:06:36,4:41:28 AM,3:57:40 PM,4:01:56 AM,4:37:12 PM,3:22:45 AM,5:16:23 PM,2020-10-23
5:18:03 AM,3:20:50 PM,10:19:27 AM,10:02:47,4:43:10 AM,3:55:43 PM,4:03:35 AM,4:35:19 PM,3:24:24 AM,5:14:30 PM,2020-10-24
5:19:51 AM,3:18:49 PM,10:19:20 AM,09:58:58,4:44:52 AM,3:53:48 PM,4:05:13 AM,4:33:27 PM,3:26:02 AM,5:12:38 PM,2020-10-25
5:21:39 AM,3:16:50 PM,10:19:14 AM,09:55:11,4:46:34 AM,3:51:55 PM,4:06:51 AM,4:31:37 PM,3:27:39 AM,5:10:49 PM,2020-10-26
5:23:27 AM,3:14:51 PM,10:19:09 AM,09:51:24,4:48:16 AM,3:50:03 PM,4:08:29 AM,4:29:49 PM,3:29:17 AM,5:09:02 PM,2020-10-27
5:25:16 AM,3:12:54 PM,10:19:05 AM,09:47:38,4:49:58 AM,3:48:12 PM,4:10:07 AM,4:28:03 PM,3:30:54 AM,5:07:17 PM,2020-10-28
5:27:04 AM,3:10:59 PM,10:19:01 AM,09:43:55,4:51:40 AM,3:46:23 PM,4:11:45 AM,4:26:18 PM,3:32:30 AM,5:05:33 PM,2020-10-29
5:28:53 AM,3:09:05 PM,10:18:59 AM,09:40:12,4:53:21 AM,3:44:36 PM,4:13:22 AM,4:24:35 PM,3:34:06 AM,5:03:52 PM,2020-10-30
5:30:41 AM,3:07:12 PM,10:18:57 AM,09:36:31,4:55:03 AM,3:42:50 PM,4:14:59 AM,4:22:54 PM,3:35:41 AM,5:02:12 PM,2020-10-31
5:32:30 AM,3:05:21 PM,10:18:56 AM,09:32:51,4:56:45 AM,3:41:06 PM,4:16:36 AM,4:21:15 PM,3:37:16 AM,5:00:35 PM,2020-11-01
5:34:19 AM,3:03:32 PM,10:18:55 AM,09:29:13,4:58:26 AM,3:39:24 PM,4:18:12 AM,4:19:38 PM,3:38:51 AM,4:59:00 PM,2020-11-02
5:36:08 AM,3:01:44 PM,10:18:56 AM,09:25:36,5:00:07 AM,3:37:44 PM,4:19:48 AM,4:18:03 PM,3:40:25 AM,4:57:26 PM,2020-11-03
5:37:56 AM,2:59:58 PM,10:18:57 AM,09:22:02,5:01:49 AM,3:36:05 PM,4:21:24 AM,4:16:30 PM,3:41:59 AM,4:55:55 PM,2020-11-04
5:39:45 AM,2:58:14 PM,10:18:59 AM,09:18:29,5:03:29 AM,3:34:29 PM,4:23:00 AM,4:14:58 PM,3:43:32 AM,4:54:27 PM,2020-11-05
5:41:33 AM,2:56:31 PM,10:19:02 AM,09:14:58,5:05:10 AM,3:32:54 PM,4:24:35 AM,4:13:29 PM,3:45:04 AM,4:53:00 PM,2020-11-06
5:43:21 AM,2:54:50 PM,10:19:06 AM,09:11:29,5:06:50 AM,3:31:21 PM,4:26:10 AM,4:12:02 PM,3:46:36 AM,4:51:36 PM,2020-11-07
5:45:09 AM,2:53:12 PM,10:19:10 AM,09:08:03,5:08:30 AM,3:29:51 PM,4:27:44 AM,4:10:37 PM,3:48:08 AM,4:50:13 PM,2020-11-08
5:46:57 AM,2:51:35 PM,10:19:16 AM,09:04:38,5:10:10 AM,3:28:22 PM,4:29:17 AM,4:09:14 PM,3:49:38 AM,4:48:54 PM,2020-11-09
5:48:45 AM,2:50:00 PM,10:19:22 AM,09:01:15,5:11:49 AM,3:26:56 PM,4:30:51 AM,4:07:54 PM,3:51:09 AM,4:47:36 PM,2020-11-10
5:50:32 AM,2:48:27 PM,10:19:29 AM,08:57:55,5:13:28 AM,3:25:31 PM,4:32:23 AM,4:06:36 PM,3:52:38 AM,4:46:21 PM,2020-11-11
5:52:18 AM,2:46:57 PM,10:19:38 AM,08:54:39,5:15:06 AM,3:24:09 PM,4:33:55 AM,4:05:20 PM,3:54:07 AM,4:45:08 PM,2020-11-12
5:54:04 AM,2:45:29 PM,10:19:46 AM,08:51:25,5:16:43 AM,3:22:49 PM,4:35:27 AM,4:04:06 PM,3:55:35 AM,4:43:58 PM,2020-11-13
5:55:50 AM,2:44:03 PM,10:19:56 AM,08:48:13,5:18:20 AM,3:21:32 PM,4:36:58 AM,4:02:54 PM,3:57:03 AM,4:42:50 PM,2020-11-14
5:57:35 AM,2:42:39 PM,10:20:07 AM,08:45:04,5:19:57 AM,3:20:17 PM,4:38:28 AM,4:01:45 PM,3:58:29 AM,4:41:44 PM,2020-11-15
5:59:19 AM,2:41:17 PM,10:20:18 AM,08:41:58,5:21:32 AM,3:19:04 PM,4:39:57 AM,4:00:39 PM,3:59:55 AM,4:40:41 PM,2020-11-16
6:01:02 AM,2:39:58 PM,10:20:30 AM,08:38:56,5:23:07 AM,3:17:53 PM,4:41:26 AM,3:59:35 PM,4:01:20 AM,4:39:40 PM,2020-11-17
6:02:45 AM,2:38:42 PM,10:20:43 AM,08:35:57,5:24:41 AM,3:16:46 PM,4:42:54 AM,3:58:33 PM,4:02:45 AM,4:38:42 PM,2020-11-18
6:04:27 AM,2:37:28 PM,10:20:57 AM,08:33:01,5:26:14 AM,3:15:40 PM,4:44:21 AM,3:57:34 PM,4:04:08 AM,4:37:47 PM,2020-11-19
6:06:07 AM,2:36:17 PM,10:21:12 AM,08:30:10,5:27:47 AM,3:14:37 PM,4:45:46 AM,3:56:38 PM,4:05:30 AM,4:36:54 PM,2020-11-20
6:07:47 AM,2:35:08 PM,10:21:28 AM,08:27:21,5:29:18 AM,3:13:37 PM,4:47:11 AM,3:55:44 PM,4:06:52 AM,4:36:03 PM,2020-11-21
6:09:26 AM,2:34:02 PM,10:21:44 AM,08:24:36,5:30:48 AM,3:12:40 PM,4:48:35 AM,3:54:52 PM,4:08:12 AM,4:35:16 PM,2020-11-22
6:11:03 AM,2:32:59 PM,10:22:01 AM,08:21:56,5:32:17 AM,3:11:45 PM,4:49:58 AM,3:54:04 PM,4:09:31 AM,4:34:31 PM,2020-11-23
6:12:39 AM,2:31:59 PM,10:22:19 AM,08:19:20,5:33:45 AM,3:10:53 PM,4:51:20 AM,3:53:18 PM,4:10:49 AM,4:33:48 PM,2020-11-24
6:14:13 AM,2:31:01 PM,10:22:37 AM,08:16:48,5:35:11 AM,3:10:04 PM,4:52:40 AM,3:52:34 PM,4:12:06 AM,4:33:08 PM,2020-11-25
6:15:47 AM,2:30:07 PM,10:22:57 AM,08:14:20,5:36:36 AM,3:09:17 PM,4:54:00 AM,3:51:54 PM,4:13:22 AM,4:32:31 PM,2020-11-26
6:17:18 AM,2:29:15 PM,10:23:17 AM,08:11:57,5:38:00 AM,3:08:33 PM,4:55:18 AM,3:51:16 PM,4:14:37 AM,4:31:57 PM,2020-11-27
6:18:48 AM,2:28:27 PM,10:23:37 AM,08:09:39,5:39:22 AM,3:07:53 PM,4:56:34 AM,3:50:41 PM,4:15:50 AM,4:31:25 PM,2020-11-28
6:20:16 AM,2:27:41 PM,10:23:59 AM,08:07:25,5:40:43 AM,3:07:15 PM,4:57:49 AM,3:50:08 PM,4:17:02 AM,4:30:56 PM,2020-11-29
6:21:43 AM,2:26:59 PM,10:24:21 AM,08:05:16,5:42:02 AM,3:06:40 PM,4:59:03 AM,3:49:39 PM,4:18:12 AM,4:30:30 PM,2020-11-30
6:23:07 AM,2:26:20 PM,10:24:44 AM,08:03:13,5:43:19 AM,3:06:08 PM,5:00:15 AM,3:49:12 PM,4:19:21 AM,4:30:06 PM,2020-12-01
6:24:30 AM,2:25:45 PM,10:25:07 AM,08:01:15,5:44:35 AM,3:05:39 PM,5:01:26 AM,3:48:48 PM,4:20:29 AM,4:29:46 PM,2020-12-02
6:25:50 AM,2:25:12 PM,10:25:31 AM,07:59:22,5:45:49 AM,3:05:13 PM,5:02:35 AM,3:48:27 PM,4:21:35 AM,4:29:28 PM,2020-12-03
6:27:08 AM,2:24:43 PM,10:25:56 AM,07:57:35,5:47:01 AM,3:04:51 PM,5:03:42 AM,3:48:09 PM,4:22:39 AM,4:29:12 PM,2020-12-04
6:28:24 AM,2:24:17 PM,10:26:21 AM,07:55:53,5:48:10 AM,3:04:31 PM,5:04:47 AM,3:47:54 PM,4:23:42 AM,4:29:00 PM,2020-12-05
6:29:38 AM,2:23:55 PM,10:26:46 AM,07:54:17,5:49:18 AM,3:04:14 PM,5:05:51 AM,3:47:42 PM,4:24:43 AM,4:28:50 PM,2020-12-06
6:30:49 AM,2:23:36 PM,10:27:12 AM,07:52:47,5:50:24 AM,3:04:01 PM,5:06:53 AM,3:47:32 PM,4:25:42 AM,4:28:43 PM,2020-12-07
6:31:58 AM,2:23:20 PM,10:27:39 AM,07:51:22,5:51:27 AM,3:03:50 PM,5:07:52 AM,3:47:26 PM,4:26:39 AM,4:28:39 PM,2020-12-08
6:33:04 AM,2:23:08 PM,10:28:06 AM,07:50:04,5:52:29 AM,3:03:43 PM,5:08:50 AM,3:47:22 PM,4:27:35 AM,4:28:37 PM,2020-12-09
6:34:07 AM,2:22:59 PM,10:28:33 AM,07:48:52,5:53:28 AM,3:03:39 PM,5:09:46 AM,3:47:21 PM,4:28:29 AM,4:28:38 PM,2020-12-10
6:35:08 AM,2:22:54 PM,10:29:01 AM,07:47:46,5:54:24 AM,3:03:38 PM,5:10:39 AM,3:47:23 PM,4:29:20 AM,4:28:42 PM,2020-12-11
6:36:06 AM,2:22:53 PM,10:29:29 AM,07:46:47,5:55:18 AM,3:03:40 PM,5:11:31 AM,3:47:28 PM,4:30:10 AM,4:28:49 PM,2020-12-12
6:37:01 AM,2:22:55 PM,10:29:58 AM,07:45:54,5:56:10 AM,3:03:46 PM,5:12:20 AM,3:47:36 PM,4:30:58 AM,4:28:58 PM,2020-12-13
6:37:53 AM,2:23:00 PM,10:30:27 AM,07:45:07,5:56:59 AM,3:03:54 PM,5:13:07 AM,3:47:46 PM,4:31:43 AM,4:29:10 PM,2020-12-14
6:38:42 AM,2:23:09 PM,10:30:56 AM,07:44:27,5:57:45 AM,3:04:06 PM,5:13:51 AM,3:48:00 PM,4:32:27 AM,4:29:24 PM,2020-12-15
6:39:28 AM,2:23:22 PM,10:31:25 AM,07:43:54,5:58:29 AM,3:04:20 PM,5:14:34 AM,3:48:16 PM,4:33:08 AM,4:29:42 PM,2020-12-16
6:40:10 AM,2:23:38 PM,10:31:54 AM,07:43:28,5:59:10 AM,3:04:38 PM,5:15:13 AM,3:48:35 PM,4:33:47 AM,4:30:01 PM,2020-12-17
6:40:50 AM,2:23:58 PM,10:32:24 AM,07:43:08,5:59:49 AM,3:04:59 PM,5:15:51 AM,3:48:57 PM,4:34:24 AM,4:30:24 PM,2020-12-18
6:41:26 AM,2:24:21 PM,10:32:53 AM,07:42:55,6:00:24 AM,3:05:23 PM,5:16:26 AM,3:49:21 PM,4:34:58 AM,4:30:49 PM,2020-12-19
6:41:59 AM,2:24:47 PM,10:33:23 AM,07:42:48,6:00:57 AM,3:05:50 PM,5:16:58 AM,3:49:48 PM,4:35:30 AM,4:31:16 PM,2020-12-20
6:42:29 AM,2:25:17 PM,10:33:53 AM,07:42:48,6:01:26 AM,3:06:20 PM,5:17:28 AM,3:50:18 PM,4:36:00 AM,4:31:46 PM,2020-12-21
6:42:55 AM,2:25:50 PM,10:34:23 AM,07:42:55,6:01:53 AM,3:06:53 PM,5:17:55 AM,3:50:51 PM,4:36:28 AM,4:32:18 PM,2020-12-22
6:43:18 AM,2:26:27 PM,10:34:53 AM,07:43:09,6:02:17 AM,3:07:28 PM,5:18:19 AM,3:51:26 PM,4:36:52 AM,4:32:53 PM,2020-12-23
6:43:38 AM,2:27:07 PM,10:35:23 AM,07:43:29,6:02:38 AM,3:08:07 PM,5:18:41 AM,3:52:04 PM,4:37:15 AM,4:33:30 PM,2020-12-24
6:43:54 AM,2:27:50 PM,10:35:52 AM,07:43:56,6:02:56 AM,3:08:49 PM,5:19:00 AM,3:52:44 PM,4:37:35 AM,4:34:10 PM,2020-12-25
6:44:07 AM,2:28:37 PM,10:36:22 AM,07:44:30,6:03:11 AM,3:09:33 PM,5:19:17 AM,3:53:27 PM,4:37:52 AM,4:34:52 PM,2020-12-26
6:44:16 AM,2:29:27 PM,10:36:51 AM,07:45:11,6:03:22 AM,3:10:20 PM,5:19:30 AM,3:54:12 PM,4:38:07 AM,4:35:36 PM,2020-12-27
6:44:21 AM,2:30:19 PM,10:37:20 AM,07:45:58,6:03:31 AM,3:11:10 PM,5:19:41 AM,3:55:00 PM,4:38:19 AM,4:36:22 PM,2020-12-28
6:44:24 AM,2:31:15 PM,10:37:49 AM,07:46:51,6:03:37 AM,3:12:02 PM,5:19:49 AM,3:55:50 PM,4:38:29 AM,4:37:10 PM,2020-12-29
6:44:22 AM,2:32:14 PM,10:38:18 AM,07:47:52,6:03:39 AM,3:12:57 PM,5:19:54 AM,3:56:42 PM,4:38:36 AM,4:38:01 PM,2020-12-30
6:44:18 AM,2:33:16 PM,10:38:47 AM,07:48:58,6:03:39 AM,3:13:55 PM,5:19:57 AM,3:57:36 PM,4:38:40 AM,4:38:54 PM,2020-12-31
